{"cameraMode":{"drawMode":0,"name":"Shaded","section":"Shading Mode"},"sceneLighting":false,"audioPlay":false,"sceneViewState":{"m_AlwaysRefresh":false,"showFog":true,"showSkybox":true,"showFlares":true,"showImageEffects":true,"showParticleSystems":true,"showVisualEffectGraphs":true,"m_FxEnabled":true},"in2DMode":false,"pivot":{"x":340.3486633300781,"y":175.85113525390626,"z":262.5603332519531},"rotation":{"x":-0.005825545638799667,"y":-0.9937282800674439,"z":0.09249306470155716,"w":-0.06258103251457215},"size":1.6760039329528809,"orthographic":false}